{
  "number_of_network_updates": 104,
  "neuron_lower": -4.0,
  "neuron_upper": 4.0,
  "retina_lower": -4.0,
  "retina_upper": 4.0,
  "init_zero_retina_weights": 0.13747664,
  "initial_population_size": 145,
  "max_generations": 8000,
  "tournament_size": 4,
  "variance": 0.7424203668030055,
  "variance_decay": 0.9692304344610341,
  "mean": 0.03870601394939511,
  "delete_neuron": 0.024278801106511157,
  "delete_weights": 0.8348199877383531,
  "delete_bias": 0.0502960629663627,
  "delete_self_activation": 0.18183110663813665,
  "mutate_neuron": 0.3484131019812163,
  "mutate_weights": 0.6814382112793692,
  "mutate_bias": 0.7843703980536405,
  "mutate_self_activation": 0.8750879417140249
}