{
  "number_of_network_updates": 73,
  "neuron_lower": -4.0,
  "neuron_upper": 4.0,
  "retina_lower": -4.0,
  "retina_upper": 4.0,
  "init_zero_retina_weights": 0.8204151,
  "initial_population_size": 382,
  "max_generations": 8000,
  "tournament_size": 273,
  "variance": 0.6528767302272348,
  "variance_decay": 0.9621148779346262,
  "mean": 0.6930506037428407,
  "delete_neuron": 0.03409201754905001,
  "delete_weights": 0.7678934481200332,
  "delete_bias": 0.9579983709389079,
  "delete_self_activation": 0.15251390730462114,
  "mutate_neuron": 0.011275999692718754,
  "mutate_weights": 0.4359135514803004,
  "mutate_bias": 0.5546279716663424,
  "mutate_self_activation": 0.9599745604385104
}