{
  "number_of_network_updates": 199,
  "neuron_lower": -4.0,
  "neuron_upper": 4.0,
  "retina_lower": -4.0,
  "retina_upper": 4.0,
  "init_zero_retina_weights": 0.13255396,
  "initial_population_size": 457,
  "max_generations": 8000,
  "tournament_size": 425,
  "variance": 0.10975816982211375,
  "variance_decay": 0.9679224647497718,
  "mean": 0.07762316778423918,
  "delete_neuron": 0.4381482940709295,
  "delete_weights": 0.4727806232505133,
  "delete_bias": 0.0920238607295736,
  "delete_self_activation": 0.2590720837853318,
  "mutate_neuron": 0.9520774986401368,
  "mutate_weights": 0.5440807805321007,
  "mutate_bias": 0.08633487858300694,
  "mutate_self_activation": 0.06125484944014016
}