{
  "number_of_network_updates": 140,
  "neuron_lower": -4.0,
  "neuron_upper": 4.0,
  "retina_lower": -4.0,
  "retina_upper": 4.0,
  "init_zero_retina_weights": 0.14461842,
  "initial_population_size": 173,
  "max_generations": 8000,
  "tournament_size": 68,
  "variance": 0.9779015805565359,
  "variance_decay": 0.9752481376034159,
  "mean": 0.31491476436570626,
  "delete_neuron": 0.5961845521288333,
  "delete_weights": 0.8801303909577596,
  "delete_bias": 0.34961712161826203,
  "delete_self_activation": 0.674621394384893,
  "mutate_neuron": 0.16417408437574735,
  "mutate_weights": 0.04346940315317261,
  "mutate_bias": 0.8793205301477738,
  "mutate_self_activation": 0.6508113233475522
}