{
  "number_of_network_updates": 75,
  "neuron_lower": -4.0,
  "neuron_upper": 4.0,
  "retina_lower": -4.0,
  "retina_upper": 4.0,
  "init_zero_retina_weights": 0.5272032,
  "initial_population_size": 215,
  "max_generations": 8000,
  "tournament_size": 92,
  "variance": 0.9766935824548162,
  "variance_decay": 0.989490889434293,
  "mean": 0.005815907533656795,
  "delete_neuron": 0.5470229895682471,
  "delete_weights": 0.14740415133218557,
  "delete_bias": 0.9816635213690112,
  "delete_self_activation": 0.596773586616098,
  "mutate_neuron": 0.058892961475206965,
  "mutate_weights": 0.1778576131295682,
  "mutate_bias": 0.8172729608171385,
  "mutate_self_activation": 0.10067357610966202
}