{
  "number_of_network_updates": 167,
  "neuron_lower": -4.0,
  "neuron_upper": 4.0,
  "retina_lower": -4.0,
  "retina_upper": 4.0,
  "init_zero_retina_weights": 0.36588386,
  "initial_population_size": 306,
  "max_generations": 8000,
  "tournament_size": 285,
  "variance": 0.062440735046765075,
  "variance_decay": 0.966455538145748,
  "mean": 0.6074476120393156,
  "delete_neuron": 0.634863752524622,
  "delete_weights": 0.03600238861187389,
  "delete_bias": 0.6816110894723019,
  "delete_self_activation": 0.7730618553867188,
  "mutate_neuron": 0.2824301376781147,
  "mutate_weights": 0.29483715202961275,
  "mutate_bias": 0.5114087129352493,
  "mutate_self_activation": 0.1534611622704796
}